<h1> [Linux] ë°ì´í„°ë² ì´ìŠ¤ SQL DML(Data Manipulation Language)</h1>



<h3>ğŸ“ŒINDEX</h3>

- [ë°ì´í„°ë² ì´ìŠ¤ë€?](#ë°ì´í„°ë² ì´ìŠ¤ë€)
- [ë°ì´í„° ë² ì´ìŠ¤ ì„¤ì¹˜ ë° ì„¤ì •](#ë°ì´í„°-ë² ì´ìŠ¤-ì„¤ì¹˜-ë°-ì„¤ì •)
-  [SQL ë¬¸ë²•](#sql-ë¬¸ë²•)
  - [SQL ë¬¸ë²•ì˜ ë¶„ë¥˜](#sql-ë¬¸ë²•ì˜-ë¶„ë¥˜)
  - [WHERE ì¡°ê±´](#where-ì¡°ê±´)
  - [LIKEì™€ í•¨ê»˜ ì‚¬ìš©í•˜ëŠ” ì™€ì¼ë“œ ë¬¸ì](#likeì™€-í•¨ê»˜-ì‚¬ìš©í•˜ëŠ”-ì™€ì¼ë“œ-ë¬¸ì)
-  [DML êµ¬ë¬¸](#dml-êµ¬ë¬¸)
  - [SELECT](#select)
  - [INSERT](#insert)
  - [UPDATE](#update)
  - [DELETE](#delete)

<br>

<br>

<br>

<h2>ë°ì´í„°ë² ì´ìŠ¤ë€?</h2>

- **ë°ì´í„°ë¥¼ íš¨ìœ¨ì ìœ¼ë¡œ ì €ì¥/ê´€ë¦¬**í•˜ê¸° ìœ„í•´ ì‚¬ìš©
- 1950ë…„ëŒ€ì— ë¯¸êµ­ì—ì„œ ì²˜ìŒ ì‚¬ìš©(ìš©ì–´)
- **ë°ì´í„°ë² ì´ìŠ¤ ì¢…ë¥˜**
  - ê³„ì¸µí˜• DB
  - ê´€ê³„í˜• DB
    - ê°€ì¥ ê´‘ë²”ìœ„ í•˜ê²Œ ì‚¬ìš©
    - ex) ì˜¤ë¼í´ DB, MariaDB ë“±
  - NoSQL
    - ex) AWS DynamoDB ë“±
- **ë°ì´í„° ë² ì´ìŠ¤ì˜ íŠ¹ì§•**
  - ì‹¤ì‹œê°„ ì ‘ê·¼ì„±
  - ì§€ì†ì ì¸ ë³€í™”
  - ë™ì‹œ ê³µìœ 
  - ë‚´ìš©ì— ëŒ€í•œ ì°¸ì¡°
  - ë°ì´í„° ë…¼ë¦¬ì  ë…ë¦½ì„±

- **ìš©ì–´ ì„¤ëª…**
  - DB : ë°ì´í„°ë² ì´ìŠ¤
  - DBMS : ë°ì´í„°ë² ì´ìŠ¤ ê´€ë¦¬ ì‹œìŠ¤í…œ
  - DBA : ë°ì´í„° ë² ì´ìŠ¤ ê´€ë¦¬ì
  - í…Œì´ë¸” : ë°ì´í„°ê°€ ì €ì¥ëœ ê°ì²´
  - ì»¬ëŸ¼(Column) : í…Œì´ë¸”ì—ì„œ ë°ì´í„°ë“¤ì˜ ì†ì„±ì´ ê°™ì€ ê°’
  - í–‰(Row) : íŠ¹ì • í…Œì´ë¸”ì—ì„œ ì˜ë¯¸ ìˆëŠ” í•˜ë‚˜ì˜ ë°ì´í„° ì§‘í•©
  - í•„ë“œ : ê°ê°€ì˜ ë°ì´í„° í•˜ë‚˜ë¥¼ ì˜ë¯¸
  - ë ˆì½”ë“œ :  ì—¬ëŸ¬ í•„ë“œì˜ ì¡°í•©ì„ ì˜ë¯¸

<br>

<br>

<h2>ë°ì´í„° ë² ì´ìŠ¤ ì„¤ì¹˜ ë° ì„¤ì •</h2>



<h4>íŒ¨í‚¤ì§€ ì„¤ì¹˜</h4>

- mariadb-server í˜¹ì€ mariadb, mariadb-client
- ì˜¤ë¥˜ê°€ ë‚  ë•ŒëŠ” `nmcli con up ens33`

````shell
t@server ~]# yum -y install mariadb-server
````



<h4>ì„œë¹„ìŠ¤ í™œì„±í™”</h4>

```shell
[root@server ~]# systemctl start mariadb
```



<h4>ë°©í™”ë²½ ì„¤ì •</h4>

```shell
[root@server ~]# firewall-cmd --add-service=mysql 
success
```



<h4>ê¸°ë³¸ ë³´ì•ˆ ì„¤ì •</h4>

```shell
[root@server ~]# mysql_secure_installation

NOTE: RUNNING ALL PARTS OF THIS SCRIPT IS RECOMMENDED FOR ALL MariaDB
      SERVERS IN PRODUCTION USE!  PLEASE READ EACH STEP CAREFULLY!

In order to log into MariaDB to secure it, we'll need the current
password for the root user.  If you've just installed MariaDB, and
you haven't set the root password yet, the password will be blank,
so you should just press enter here.

Enter current password for root (enter for none): 
OK, successfully used password, moving on...

Setting the root password ensures that nobody can log into the MariaDB
root user without the proper authorisation.

Set root password? [Y/n] 
New password: 
Re-enter new password: 
Password updated successfully!
Reloading privilege tables..
 ... Success!


By default, a MariaDB installation has an anonymous user, allowing anyone
to log into MariaDB without having to have a user account created for
them.  This is intended only for testing, and to make the installation
go a bit smoother.  You should remove them before moving into a
production environment.

Remove anonymous users? [Y/n] y
 ... Success!

Normally, root should only be allowed to connect from 'localhost'.  This
ensures that someone cannot guess at the root password from the network.

Disallow root login remotely? [Y/n] y
 ... Success!

By default, MariaDB comes with a database named 'test' that anyone can
access.  This is also intended only for testing, and should be removed
before moving into a production environment.

Remove test database and access to it? [Y/n] n
 ... skipping.

Reloading the privilege tables will ensure that all changes made so far
will take effect immediately.

Reload privilege tables now? [Y/n] y
 ... Success!

Cleaning up...

All done!  If you've completed all of the above steps, your MariaDB
installation should now be secure.

Thanks for using MariaDB!
```



<h4>ì„¤ì •íŒŒì¼</h4>

- /etc/my.cnf

```shell
[root@server ~]# cat /etc/my.cnf
[mysqld]
datadir=/var/lib/mysql
socket=/var/lib/mysql/mysql.sock
# Disabling symbolic-links is recommended to prevent assorted security risks
symbolic-links=0
# Settings user and group are ignored when systemd is used.
# If you need to run mysqld under a different user or group,
# customize your systemd unit file for mariadb according to the
# instructions in http://fedoraproject.org/wiki/Systemd

[mysqld_safe]
log-error=/var/log/mariadb/mariadb.log
pid-file=/var/run/mariadb/mariadb.pid

#
# include all files from the config directory
#
!includedir /etc/my.cnf.d
```



<h4>ì‚¬ìš© ì‹œì‘</h4>

- mysqul -u [ê³„ì •] -p

```shell
[root@server ~]# mysql -u root -p
Enter password: 
Welcome to the MariaDB monitor.  Commands end with ; or \g.
Your MariaDB connection id is 9
Server version: 5.5.68-MariaDB MariaDB Server

Copyright (c) 2000, 2018, Oracle, MariaDB Corporation Ab and others.

Type 'help;' or '\h' for help. Type '\c' to clear the current input statement.

MariaDB [(none)]> 
```



<br>

<br>

<h2>SQL ë¬¸ë²•</h2>

- ë°ì´í„° ë² ì´ìŠ¤ì—ì„œ ë°ì´í„° ê´€ë¦¬ë¥¼ ìœ„í•´ ì‚¬ìš©í•˜ëŠ” ì•½ì†ëœ ì–¸ì–´
- ê²€ìƒ‰/ì¶”ê°€/ì œê±° ë“± ë‹¤ì–‘í•œ êµ¬ë¬¸ì´ ì¡´ì¬



<h4>SQL ë¬¸ë²•ì˜ ë¶„ë¥˜</h4>

- DDL
  - CREATE : ê°ì²´ ìƒì„±
  - ALTER : ê°ì²´ ìˆ˜ì •
  - DROP : ê°ì²´ ì‚­ì œ/ì œê±°
  - TRUNCATE : ê°ì²´ ë‚´ìš© ì‚­ì œ
- DML
  - SELECT : ë°ì´í„° ì¡°íšŒ
  - INSERT : ë°ì´í„° ì¶”ê°€
  - UPDATE : ë°ì´í„° ìˆ˜ì •
  - DELETE : ë°ì´í„° ì‚­ì œ
- DCL
  - GRANT : ê¶Œí•œ ë¶€ì—¬
  - REVOKE : ê¶Œí•œ ì œê±°
- TCL
  - COMMIT : ìˆ˜ì • ì‚¬í•­ ì ìš©
  - ROLLBACK : ìˆ˜ì • ì‚¬í•­ ë°˜ì˜ ì•ˆí•¨



<h4>WHERE ì¡°ê±´</h4>

- WHERE ì¡°ê±´ ì ˆì—ì„œëŠ” ë¹„êµ, ë²”ìœ„, ì§‘í•©, íŒ¨í„´, NULL, ë³µí•© ì¡°ê±´ ë“±ì„ ë‹¤ë£¬ë‹¤.
- **ë¹„êµ ì—°ì‚°ì**
  - = , <>, < , <= , > , >=
    - <> ëŠ” ë‹¤ë¦„ì„ ì˜ë¯¸, != ì™€ ë™ì¼
    - ë¬¸ìì—´ì„ ë¹„êµí•  ë•ŒëŠ” ' = 'ì‚¬ìš© ê¶Œì¥ X
- **ë²”ìœ„**
  - BETWEEN
    - BETWEEN A AND B : Aì´ìƒ B ì´í•˜
- **ì§‘í•©**
  - IN, NOT IN
    - PRICE IN (100,200,300) : PRICE(ê°€ê²©)ì´ 100 ë˜ëŠ” 200 ë˜ëŠ” 300
- **íŒ¨í„´**
  - LIKE
    - NAME LIKE 'ê¸°ìˆ %' : NAME(ì´ë¦„)ì´ 'ê¸°ìˆ 'ë¡œ ì‹œì‘ë˜ëŠ” ë¬¸ìì—´
- **NULL**
  - IS NULL, IS NOT NULL
    - PRICE IS NULL : PRICE(ê°€ê²©)ì´ NULL ê°’ì¸ ê²½ìš°
- **ë³µí•© ì¡°ê±´**
  - AND, OR, NOT
    - (PRICE < 300) AND (NAME LIKE 'ê¸°ìˆ %') : PRICE(ê°€ê²©)ì´ 300ë¯¸ë§Œì´ê³ , NAME(ì´ë¦„)ì´ 'ê¸°ìˆ 'ë¡œ ì‹œì‘í•˜ëŠ” ë¬¸ìì—´





<h4>LIKEì™€ í•¨ê»˜ ì‚¬ìš©í•˜ëŠ” ì™€ì¼ë“œ ë¬¸ì</h4>

- +, % , [] , [^], _ ê°€ ìˆë‹¤
- `+` : ë¬¸ìì—´ì„ ì—°ê²°
  - ì˜ˆì‹œ: 'ì¶•êµ¬'+'ê°ë…' => 'ì¶•êµ¬ê°ë…'
- `%` : 0ê°œ ì´ìƒì˜ ë¬¸ìì—´ê³¼ ì¼ì¹˜
  - ì˜ˆì‹œ: LIKE 'í‚¤ì›Œë“œ%' => 'í‚¤ì›Œë“œ'ë¡œ ì‹œì‘í•˜ëŠ” ë¬¸ìì—´ì„ ê²€ìƒ‰
- `[]` : 1ê°œì˜ ë¬¸ìì™€ ì¼ì¹˜
  - ì˜ˆì‹œ: '[0-8]%' => 0-8 ì‚¬ì´ ìˆ«ìë¡œ ì‹œì‘í•˜ëŠ” ë¬¸ìì—´
- `[^]` : 1ê°œì˜ ë¬¸ìì™€ ë¶ˆì¼ì¹˜
  - ì˜ˆì‹œ: '`[^0-8]%`' => 0-8 ì‚¬ì´ ìˆ«ìë¡œ ì‹œì‘í•˜ì§€ ì•ŠëŠ” ë¬¸ìì—´ 

- `_` : íŠ¹ì • ìœ„ì¹˜ì˜ 1ê°œì˜ ë¬¸ìì™€ ì¼ì¹˜
  - ì˜ˆì‹œ : '_ë™%' : ë‘ ë²ˆì§¸ ìœ„ì¹˜ì— 'ë™'ì´ ë“¤ì–´ê°€ëŠ” ë¬¸ìì—´



<br>

<br>

<h2>DML êµ¬ë¬¸</h2>

- DML (Data Manipulation Language) ëŠ” **ë°ì´í„°ë² ì´ìŠ¤ì— ì €ì¥ëœ ìë£Œë“¤ì„ ì…ë ¥, ìˆ˜ì •, ì‚­ì œ, ì¡°íšŒí•˜ëŠ” ì–¸ì–´**ì´ë‹¤.
- ë°ì´í„° ì¡°ì‘ì–´(DML)ì—ëŠ” SELECT, INSERT, UPDATE, DELETE ê°€ ìˆë‹¤.
- ì„¸ë¯¸ì½œë¡ (;)ì„ ì‘ì„±í•˜ê¸° ì „ê¹Œì§€ëŠ” ëª…ë ¹ì´ ëë‚˜ì§€ ì•ŠìŒ



<h4>SELECT</h4>

- **ë°ì´í„°ë¥¼ ì¡°íšŒ**í•˜ê¸° ìœ„í•´ ì‚¬ìš©
- íŠ¹ì • í…Œì´ë¸” ë° ì»¬ëŸ¼ì„ ì§€ì •í•´ì„œ í™•ì¸
- í•„ìš”ì— ë”°ë¼ ì¡°ê±´ì„ ë¶€ì—¬í•´ ì•Œë§ì€ ë°ì´í„° ê²€ìƒ‰
- ì‚¬ìš©ë²•

```shell
SELECT ì»¬ëŸ¼ì´ë¦„

FROM í…Œì´ë¸” ì´ë¦„

WHERE ì¡°ê±´ë¬¸

ORDER BY ì •ë ¬ë°©ì‹ #ASC(ì˜¤ë¦„ì°¨ìˆœ), DESC(ë‚´ë¦¼ì°¨ìˆœ)
```



ì‚¬ìš© ì˜ˆ

```shell
MariaDB [mysql]> SELECT host
    -> FROM user;
+-----------+
| host      |
+-----------+
| 127.0.0.1 |
| ::1       |
| localhost |
+-----------+
3 rows in set (0.00 sec)
```

```sh
MariaDB [mysql]> SELECT host,user,password,max_updates
    -> FROM user 
    -> WHERE max_updates=0;
+-----------+------+-------------------------------------------+-------------+
| host      | user | password                                  | max_updates |
+-----------+------+-------------------------------------------+-------------+
| localhost | root | *E6CC90B878B948C35E92B003C792C46C58C4AF40 |           0 |
| 127.0.0.1 | root | *E6CC90B878B948C35E92B003C792C46C58C4AF40 |           0 |
| ::1       | root | *E6CC90B878B948C35E92B003C792C46C58C4AF40 |           0 |
+-----------+------+-------------------------------------------+-------------+
3 rows in set (0.00 sec)
```

```shell
MariaDB [mysql]> SELECT host,user,password,max_updates  FROM user WHERE max_updates BETWEEN -1 AND 1;
+-----------+------+-------------------------------------------+-------------+
| host      | user | password                                  | max_updates |
+-----------+------+-------------------------------------------+-------------+
| localhost | root | *E6CC90B878B948C35E92B003C792C46C58C4AF40 |           0 |
| 127.0.0.1 | root | *E6CC90B878B948C35E92B003C792C46C58C4AF40 |           0 |
| ::1       | root | *E6CC90B878B948C35E92B003C792C46C58C4AF40 |           0 |
+-----------+------+-------------------------------------------+-------------+
3 rows in set (0.01 sec)
```

```shell
MariaDB [mysql]> SELECT host,user FROM user WHERE host LIKE 'localhost';
+-----------+------+
| host      | user |
+-----------+------+
| localhost | root |
+-----------+------+
1 row in set (0.00 sec)

```

```shell
MariaDB [mysql]> SELECT host,user FROM user WHERE host LIKE 'local%';
+-----------+------+
| host      | user |
+-----------+------+
| localhost | root |
+-----------+------+
1 row in set (0.00 sec)
```





<h4>INSERT</h4>

- **ë°ì´í„°ì˜ ë‚´ìš©ì„ ì‚½ì…**í•  ë•Œ ì‚¬ìš©í•˜ëŠ” ëª…ë ¹ì–´

- ì‚¬ìš©ë²•

```sh
INSERT INTO í…Œì´ë¸” ëª… ë° ì»¬ëŸ¼ì´ë¦„
VALUES ì…ë ¥í•  ë°ì´í„°
```



ì‚¬ìš© ì˜ˆ

```shell
MariaDB [mysql]> SELECT * FROM test;
Empty set (0.00 sec)

MariaDB [mysql]> INSERT INTO test 
    -> VALUES ('Lee', 1, 'Seoul', 'lee@test.example.com');
Query OK, 1 row affected (0.01 sec)

MariaDB [mysql]> SELECT * FROM test;
+------+------+--------+----------------------+
| name | uid  | locate | email                |
+------+------+--------+----------------------+
| Lee  |    1 | Seoul  | lee@test.example.com |
+------+------+--------+----------------------+
1 row in set (0.00 sec)
```

```shell
MariaDB [mysql]> INSERT INTO test
    -> VALUES ('Kim', 3, 'Busan' ,'kim@example.com');
Query OK, 1 row affected (0.00 sec)

MariaDB [mysql]> SELECT * FROM test;
+------+------+--------+----------------------+
| name | uid  | locate | email                |
+------+------+--------+----------------------+
| Lee  |    1 | Seoul  | lee@test.example.com |
| Kim  |    3 | Busan  | kim@example.com      |
+------+------+--------+----------------------+
2 rows in set (0.00 sec)
```





<h4>UPDATE</h4>

- **ë°ì´í„°ì˜ ë‚´ìš©ì„ ë³€ê²½**í•  ë•Œ ì‚¬ìš©í•˜ëŠ” ëª…ë ¹ì–´
- **ì¡°ê±´(WHERE)ë¥¼ ì‘ì„±í•´ì£¼ì§€ ì•Šìœ¼ë©´ ì „ì²´ ë‚´ìš©ì´ ëª¨ë‘ ë³€ê²½ë˜ë¯€ë¡œ ì£¼ì˜**
- ì‚¬ìš©ë²•

```shell
UPDATE í…Œì´ë¸”ëª… ë° ì»¬ëŸ¼ì´ë¦„
SET ìƒˆë¡œ ì…ë ¥í•  ë°ì´í„°
WHERE ìˆ˜ì •í•  ìœ„ì¹˜
```



ì‚¬ìš© ì˜ˆ

```shell
MariaDB [mysql]> SELECT * FROM test;
+------+------+--------+----------------------+
| name | uid  | locate | email                |
+------+------+--------+----------------------+
| Lee  |    1 | Seoul  | lee@test.example.com |
| Kim  |    3 | Busan  | kim@example.com      |
+------+------+--------+----------------------+
2 rows in set (0.00 sec)

MariaDB [mysql]> UPDATE test
    -> SET name = 'Park'
    -> WHERE uid=3;
Query OK, 1 row affected (0.00 sec)
Rows matched: 1  Changed: 1  Warnings: 0

MariaDB [mysql]> SELECT * FROM test;
+------+------+--------+----------------------+
| name | uid  | locate | email                |
+------+------+--------+----------------------+
| Lee  |    1 | Seoul  | lee@test.example.com |
| Park |    3 | Busan  | kim@example.com      |
+------+------+--------+----------------------+
2 rows in set (0.00 sec)
```





<h4>DELETE</h4>

- **ë°ì´í„°ì˜ ë‚´ìš©ì„ ì‚­ì œ**í•  ë•Œ ì‚¬ìš©í•˜ëŠ” ëª…ë ¹ì–´
- **ì¡°ê±´(WHERE)ì„ ì§€ì •í•´ì£¼ì§€ ì•Šìœ¼ë©´ ì „ì²´ ë‚´ìš©ì„ ì‚­ì œí•˜ë¯€ë¡œ ì£¼ì˜**

- ì‚¬ìš©ë²•

```shell
DELETE FROM í…Œì´ë¸”ì´ë¦„
WHERE ì¡°ê±´
```



ì‚¬ìš© ì˜ˆ

```sh
MariaDB [mysql]> SELECT * FROM test;
+------+------+--------+----------------------+
| name | uid  | locate | email                |
+------+------+--------+----------------------+
| Lee  |    1 | Seoul  | lee@test.example.com |
| Park |    3 | Busan  | kim@example.com      |
+------+------+--------+----------------------+
2 rows in set (0.00 sec)

MariaDB [mysql]> DELETE FROM test
    -> WHERE uid=3;
Query OK, 1 row affected (0.00 sec)

MariaDB [mysql]> SELECT * FROM test;
+------+------+--------+----------------------+
| name | uid  | locate | email                |
+------+------+--------+----------------------+
| Le  |    1 | Seoul  | lee@test.example.com |
+------+------+--------+----------------------+
1 row in set (0.00 sec)
```

